ts	phase	decision	why	evidence	result
2026-08-29T21:43:04Z	handoff	Captured launch-readiness audit as a Notion subpage	Keep pilot blockers, paid-insight gaps, verification results, and rollout stages available beside the earlier deployment review	https://app.notion.com/p/3cb44fd45b7c813489c2e50ed81f2ed8	done
2026-08-30T02:27:10Z	constraint	Drop Vercel Cron and retry pending Plaid revocations on webhook, listConnections, and sync traffic	Hobby cannot schedule the hourly vercel.json cron, and keeping the queue without a scheduler would leave failed itemRemove credentials live	src/pages/api/plaid/webhook.ts, src/server/trpc/routers/plaid.ts, vercel.json (deleted)	done
2026-08-30T02:27:10Z	handoff	Removed Hobby-incompatible cron; revocation retry now rides Plaid request paths and a manual POST	So the next deploy on Hobby does not depend on Vercel Cron	README.md, src/pages/api/internal/plaid/revocations/retry.ts	done
2026-09-01T05:46:24Z	handoff	Diagnosed Neon preview branch exhaustion; cleanup remains a dashboard and Git operation	FinWin has 21 remote branches already merged into main, while Neon's Free plan allows 10 concurrent branches per project	git branch -r --merged origin/main; Vercel action: neon-cerulean-ocean	open
2026-09-15T17:36:27Z	handoff	Explored a stock research and paper-trading extension at a tentative $5 monthly price; no pivot adopted	User requested an exploratory product discussion; existing quotes, investments, and sandbox provide a starting point	README.md; src/server/market/quotes.ts; https://finviz.com/elite	open
2026-09-15T18:17:43Z	handoff	Started screener design interview; recorded agreed screener, screen, and scanner terminology	User chose a screener first and requested grilling before implementation; remaining product decisions require answers	CONTEXT.md; docs/plan.md	open
2026-09-15T18:23:02Z	handoff	Settled standalone-access screener placement, intraday price/volume discovery, and US-stock initial coverage; budget remains open	User accepted first three interview recommendations and requested functional data-plan comparisons before choosing spending	docs/plan.md; docs/resources.md	open
2026-09-15T18:27:08Z	handoff	Added Alpha Vantage to screener provider research; provider choice and budget remain open	User proposed Alpha Vantage; official docs support relevant features but personal pricing does not settle commercial display cost	docs/resources.md; https://www.alphavantage.co/premium/; https://www.alphavantage.co/terms_of_service/	open
2026-09-15T18:30:45Z	handoff	Checked FMP free-real-time claim; plan table lists free end-of-day, commercial terms and endpoint cadence unresolved	User proposed FMP; generic endpoint marketing differs from published plan coverage	docs/resources.md; https://site.financialmodelingprep.com/developer/docs/pricing	open
2026-09-15T18:52:41Z	handoff	Selected FMP provisionally with replaceability requirement; recorded Databento signup-credit limits	User chose FMP for now and identified Databento as a possible alternative; screener behavior and commercial budget remain unsettled	docs/plan.md; docs/resources.md	open
2026-09-15T18:57:58Z	handoff	Recorded screener round 2 choices; session coverage, indicator timeframes and refresh behavior remain open	User accepted minute-fresh target, technical filter set, all-condition screens and research panel workflow	CONTEXT.md; docs/plan.md	open
2026-09-15T21:06:39Z	handoff	Recorded 60-second foreground refresh, regular hours, daily plus intraday indicators, and consistent v1 layout	User accepted these behaviors and asked about broadening security types; indicator specifics and coverage remain open	docs/plan.md	open
2026-09-16T04:34:49Z	handoff	Settled stocks plus ETFs, 1-minute/5-minute/daily indicator conditions, mixed timeframes and completed candles	User accepted round 4 coverage and calculation timing; periods and volume semantics remain to decide	CONTEXT.md; docs/plan.md	open
2026-09-16T04:57:55Z	handoff	Recorded editable periods with SMA 9/20/200, same-time volume, current-price comparisons and missing-data exclusions	User settled round 5 filter semantics; FMP one-minute market-wide feasibility and commercial plan remain unverified	CONTEXT.md; docs/plan.md; docs/resources.md	open
2026-09-16T05:10:37Z	handoff	Recorded explicit private screen saves, blank/template entry, chart/news panel scope and existing paper-trade reuse	User accepted round 6 recommendations; template details, operational behavior and launch economics remain open	CONTEXT.md; docs/plan.md	open
2026-09-16T18:12:26Z	handoff	Recorded refresh/failure handling, multiple watchlists, owner-first rollout and free-preferred $50 USD monthly data ceiling	User accepted Q26-29 and set budget below proposed100; Databento credit is evaluation funding, full one-minute scope remains unproven under ceiling	CONTEXT.md; docs/plan.md; docs/resources.md	open
2026-09-16T18:16:14Z	handoff	Consolidated screener decisions into reviewable design; shared-understanding confirmation pending	User accepted replay fallback, desktop-first scope, closed-session behavior and five-session acceptance; next work is bounded data feasibility within free-preferred50USD budget	docs/spec/stock-screener.md; CONTEXT.md; docs/plan.md; docs/resources.md; ledger.md	open
2026-09-16T18:19:36Z	handoff	Screener product design accepted; planning interview complete	User confirmed shared understanding; bounded data feasibility is the agreed next step within free-preferred $50 USD monthly ceiling	docs/spec/stock-screener.md; docs/plan.md; docs/resources.md; ledger.md	done
2026-09-16T18:34:03Z	handoff	Recommended evaluating Databento historical bars after user confirmed FMP Basic EOD limits	Intraday indicators and same-time volume require inputs not established by FMP free access; replay is already accepted under the50USD budget	docs/resources.md; https://databento.com/stocks; https://databento.com/docs/faqs/usage-pricing-and-data-credits	open
2026-09-16T20:06:42Z	handoff	Verified bounded Databento historical sample and offline indicator probe	User authorized disposable-key testing; five-symbol historical inputs support replay while live scope remains unproven	scripts/databento-probe.py; docs/databento-feasibility.md; .local/databento-probe/manifest.json; .local/databento-probe/analysis.json	done
2026-09-17T04:34:04Z	handoff	Recommended calculation contract followed by owner-only five-symbol replay slice	Historical input probe is complete; completed-candle, sparse-bar and indicator conventions remain prerequisites for reliable matches	docs/databento-feasibility.md; docs/spec/stock-screener.md; docs/plan.md	open
2026-09-17T04:48:46Z	scope	Removed proposed owner allowlist; replay available to signed-in accounts	User explicitly requested availability without owner restriction because there are no production users	src/server/trpc/routers/screener.ts; docs/spec/stock-screener.md	done
2026-09-17T04:50:22Z	handoff	Implemented signed-in five-symbol historical SMA screener and documented calculation contract	Completed first replay milestone with exact comparisons, completed candles and explained missing-data exclusions; browser acceptance remains and full verify is blocked by unchanged Next.js critical audit findings	src/pages/screener.tsx; src/server/screener/replay.ts; scripts/check-screener-replay.ts; scripts/screener-page.test.ts; docs/spec/screener-replay-calculations.md; ledger.md	done
2026-09-17T05:12:39Z	handoff	Verified screenshot SMA30 values and implemented daily SMA, optional Wilder RSI and 20-session same-time relative volume	User accepted the first replay screen and requested the next milestone; independent raw-data and Decimal checks prove calculations, with source and gap conventions recorded	src/server/screener/replay.ts; scripts/check-screener-replay.ts; scripts/screener-indicator-oracle.py; docs/spec/screener-replay-calculations.md; ledger.md	done
